{
    "name": "Player",
    "maxWave": 0,
    "curWave": 6,
    "setBlocks": [
        {
            "blockName": "MovingDamage",
            "lineNum": 1,
            "start": 0,
            "end": 0,
            "upperIdx": 2,
            "DownerIdx": 0,
            "position": {
                "x": 518.3500366210938,
                "y": 804.2999877929688,
                "z": 0.0
            }
        },
        {
            "blockName": "BlinkSeal",
            "lineNum": 2,
            "start": 0,
            "end": 0,
            "upperIdx": 0,
            "DownerIdx": 1,
            "position": {
                "x": 857.85009765625,
                "y": 804.2999877929688,
                "z": 0.0
            }
        },
        {
            "blockName": "DelayDamage",
            "lineNum": 4,
            "start": 0,
            "end": 0,
            "upperIdx": 1,
            "DownerIdx": 0,
            "position": {
                "x": 569.550048828125,
                "y": 610.8900146484375,
                "z": 0.0
            }
        },
        {
            "blockName": "MovingSlow",
            "lineNum": 3,
            "start": 0,
            "end": 0,
            "upperIdx": 2,
            "DownerIdx": 2,
            "position": {
                "x": 230.04998779296876,
                "y": 610.8900146484375,
                "z": 0.0
            }
        },
        {
            "blockName": "MovingSlow",
            "lineNum": 0,
            "start": 0,
            "end": 0,
            "upperIdx": 2,
            "DownerIdx": 2,
            "position": {
                "x": 255.6500244140625,
                "y": 804.2999877929688,
                "z": 0.0
            }
        }
    ],
    "health": 100.0,
    "moveSpeed": 20.0,
    "damamge": 2.0,
    "coolDown": 2.0,
    "skill": 0,
    "isUnlock": [
        false,
        false,
        false,
        false,
        false
    ]
}