{
    "name": "Player",
    "maxWave": 0,
    "curWave": 3,
    "setBlocks": [
        {
            "blockName": "MovingSeal",
            "lineNum": 0,
            "start": 0,
            "end": 0,
            "upperIdx": 2,
            "DownerIdx": 1,
            "position": {
                "x": 1545.0400390625,
                "y": 786.5999755859375,
                "z": 0.0
            }
        },
        {
            "blockName": "BlinkDamage",
            "lineNum": 3,
            "start": 0,
            "end": 0,
            "upperIdx": 0,
            "DownerIdx": 0,
            "position": {
                "x": 1588.5999755859375,
                "y": 542.4199829101563,
                "z": 0.0
            }
        },
        {
            "blockName": "MovingSlow",
            "lineNum": 4,
            "start": 0,
            "end": 0,
            "upperIdx": 2,
            "DownerIdx": 2,
            "position": {
                "x": 1787.9998779296875,
                "y": 542.4199829101563,
                "z": 0.0
            }
        }
    ],
    "health": 100.0,
    "moveSpeed": 20.0,
    "damamge": 2.0,
    "coolDown": 2.0,
    "skill": 0,
    "isUnlock": [
        false,
        false,
        false,
        false,
        false
    ]
}